﻿{"cameraMode":{"drawMode":0,"name":"Shaded","section":"Shading Mode"},"sceneLighting":false,"audioPlay":false,"sceneViewState":{"showFog":true,"showMaterialUpdate":true,"showSkybox":false,"showFlares":true,"showImageEffects":true,"showParticleSystems":true},"in2DMode":false,"pivot":{"x":0.40919268131256106,"y":1.3066761493682862,"z":-2.256622552871704},"rotation":{"x":0.28193801641464236,"y":-0.07874248921871185,"z":0.02322971262037754,"w":0.9559137225151062},"size":-1.5821788311004639,"orthographic":false}