﻿{"cameraMode":{"drawMode":0,"name":"Shaded","section":"Shading Mode"},"sceneLighting":true,"audioPlay":false,"sceneViewState":{"showFog":true,"showMaterialUpdate":true,"showSkybox":false,"showFlares":true,"showImageEffects":true,"showParticleSystems":true},"in2DMode":false,"pivot":{"x":2.5714035034179689,"y":0.05833911895751953,"z":2.1215219497680666},"rotation":{"x":0.31031346321105959,"y":-0.2995147407054901,"z":0.10367188602685929,"w":0.8962413668632507},"size":260.640625,"orthographic":false}