﻿{"cameraMode":{"drawMode":0,"name":"Shaded","section":"Shading Mode"},"sceneLighting":false,"audioPlay":false,"sceneViewState":{"showFog":true,"showMaterialUpdate":true,"showSkybox":false,"showFlares":true,"showImageEffects":true,"showParticleSystems":true},"in2DMode":false,"pivot":{"x":2.384185791015625e-7,"y":0.0,"z":-2.384185791015625e-7},"rotation":{"x":-0.2343105524778366,"y":0.37333181500434878,"z":-0.09804528951644898,"w":-0.8922494649887085},"size":7.739187240600586,"orthographic":false}